1,0
2,0
3,0
4,0
5,0
6,0
7,0
8,0
9,0
10,0
11,0
12,0
13,0
14,0
15,0
16,0
17,0
18,0
19,0
20,0
21,0
22,0
23,0
24,0
25,0
26,0
27,0
28,0
29,0
30,0
31,0
32,0
33,0
34,0
35,0
36,0
37,0
38,0
39,0
40,0
41,0
42,0
43,0
44,0
45,0
46,0
47,0
48,0
49,0
50,0
51,0
52,0
53,0
54,0
55,0
56,0
57,0
58,0
59,0
60,0
61,0
62,0
63,0
64,0
65,0
66,0
67,0
68,0
69,0
70,0
71,0
72,0
73,0
74,0
75,0
76,0
77,0
78,0
79,0
80,0
81,0
82,0
83,0
84,0
85,0
86,0
87,0
88,0
89,0
90,0
91,0
92,0
93,0
94,0
95,0
96,0
97,0
98,0
99,0
100,0
101,0
102,0
103,0
104,0
105,0
106,0
107,0
108,0
109,0
110,0
111,0
112,0
113,0
114,0
115,0
116,0
117,0
118,0
119,0
120,0
121,0
122,0
123,0
124,0
125,0
126,0
127,0
128,0
129,0
130,0
131,0
132,0
133,0
134,0
135,0
136,0
137,0
138,0
139,0
140,0
141,1
142,0
143,0
144,0
145,0
146,0
147,0
148,0
149,0
150,0
151,0
152,0
153,0
154,0
155,0
156,0
157,0
158,0
159,0
160,0
161,0
162,0
163,0
164,0
165,0
166,0
167,0
168,0
169,0
170,0
171,0
172,0
173,0
174,0
175,0
176,1
177,0
178,0
179,0
180,0
181,0
182,0
183,0
184,0
185,0
186,0
187,0
188,1
189,0
190,0
191,0
192,1
193,0
194,0
195,0
196,0
197,0
198,0
199,0
200,0
201,0
202,0
203,0
204,0
205,0
206,0
207,0
208,0
209,1
210,0
211,0
212,0
213,0
214,0
215,0
216,0
217,0
218,0
219,0
220,0
221,0
222,1
223,0
224,0
225,0
226,1
227,0
228,0
229,0
230,0
231,0
232,0
233,0
234,0
235,0
236,0
237,0
238,1
239,1
240,0
241,0
242,0
243,0
244,0
245,1
246,0
247,0
248,0
249,0
250,0
251,0
252,0
253,0
254,0
255,0
256,0
257,0
258,0
259,2
260,0
261,0
262,0
263,1
264,0
265,1
266,0
267,0
268,1
269,0
270,2
271,0
272,0
273,0
274,0
275,0
276,0
277,0
278,1
279,0
280,0
281,0
282,1
283,0
284,1
285,0
286,0
287,0
288,0
289,0
290,0
291,0
292,0
293,0
294,1
295,0
296,0
297,0
298,0
299,0
300,0
301,0
302,1
303,1
304,0
305,0
306,0
307,0
308,0
309,0
310,0
311,0
312,0
313,0
314,0
315,1
316,0
317,2
318,0
319,0
320,0
321,0
322,0
323,0
324,0
325,0
326,0
327,1
328,0
329,1
330,0
331,0
332,0
333,1
334,0
335,1
336,0
337,1
338,0
339,0
340,0
341,0
342,0
343,0
344,0
345,0
346,0
347,0
348,0
349,0
350,0
351,0
352,0
353,0
354,0
355,1
356,0
357,0
358,1
359,0
360,0
361,0
362,0
363,0
364,0
365,0
366,0
367,0
368,0
369,0
370,0
371,0
372,0
373,2
374,0
375,0
376,0
377,0
378,0
379,0
380,0
381,0
382,0
383,0
384,0
385,0
386,0
387,0
388,1
389,0
390,0
391,0
392,0
393,0
394,0
395,0
396,0
397,0
398,0
399,0
400,0
401,0
402,0
403,0
404,1
405,0
406,0
407,0
408,0
409,1
410,0
411,0
412,0
413,1
414,1
415,0
416,0
417,1
418,1
419,0
420,0
421,0
422,0
423,0
424,0
425,0
426,1
427,0
428,0
429,0
430,1
431,0
432,0
433,0
434,0
435,0
436,0
437,0
438,0
439,0
440,0
441,1
442,0
443,0
444,0
445,1
446,0
447,0
448,0
449,0
450,0
451,0
452,0
453,0
454,0
455,0
456,0
457,1
458,0
459,1
460,0
461,0
462,1
463,0
464,0
465,0
466,0
467,0
468,0
469,0
470,0
471,0
472,0
473,2
474,0
475,2
476,0
477,1
478,0
479,0
480,0
481,0
482,0
483,1
484,0
485,0
486,1
487,0
488,0
489,0
490,1
491,0
492,0
493,0
494,1
495,1
496,0
497,0
498,0
499,2
500,1
501,0
502,0
503,0
504,0
505,0
506,0
507,1
508,0
509,0
510,0
511,0
512,0
513,0
514,0
515,0
516,0
517,0
518,0
519,1
520,0
521,0
522,1
523,0
524,0
525,1
526,0
527,1
528,0
529,0
530,0
531,0
532,1
533,0
534,3
535,1
536,0
537,0
538,1
539,0
540,0
541,1
542,1
543,0
544,1
545,0
546,0
547,1
548,0
549,0
550,0
551,0
552,0
553,0
554,0
555,1
556,0
557,2
558,0
559,0
560,0
561,0
562,0
563,0
564,0
565,0
566,1
567,0
568,0
569,1
570,0
571,1
572,0
573,0
574,0
575,0
576,3
577,0
578,2
579,0
580,0
581,1
582,0
583,0
584,0
585,0
586,0
587,0
588,1
589,0
590,0
591,0
592,0
593,2
594,0
595,0
596,0
597,0
598,0
599,0
600,0
601,0
602,0
603,3
604,0
605,0
606,0
607,0
608,0
609,0
610,1
611,1
612,0
613,0
614,0
615,0
616,2
617,0
618,0
619,0
620,0
621,0
622,0
623,2
624,0
625,2
626,0
627,0
628,0
629,1
630,0
631,0
632,0
633,0
634,1
635,0
636,0
637,1
638,1
639,0
640,0
641,0
642,0
643,0
644,0
645,0
646,0
647,0
648,2
649,0
650,0
651,0
652,0
653,0
654,0
655,1
656,0
657,0
658,0
659,0
660,0
661,0
662,0
663,1
664,1
665,0
666,0
667,0
668,0
669,0
670,0
671,1
672,2
673,0
674,0
675,0
676,1
677,0
678,0
679,0
680,1
681,0
682,0
683,0
684,0
685,2
686,0
687,0
688,1
689,0
690,0
691,0
692,0
693,0
694,0
695,0
696,0
697,1
698,0
699,0
700,0
701,0
702,0
703,1
704,2
705,1
706,1
707,1
708,2
709,0
710,0
711,0
712,2
713,1
714,0
715,3
716,0
717,0
718,0
719,3
720,0
721,0
722,0
723,1
724,0
725,2
726,2
727,0
728,0
729,0
730,0
731,3
732,0
733,0
734,0
735,0
736,1
737,0
738,0
739,2
740,0
741,1
742,0
743,0
744,2
745,0
746,0
747,0
748,0
749,0
750,0
751,1
752,0
753,0
754,1
755,0
756,0
757,0
758,0
759,1
760,2
761,0
762,1
763,0
764,1
765,0
766,1
767,2
768,0
769,2
770,0
771,0
772,0
773,0
774,0
775,0
776,0
777,3
778,2
779,0
780,1
781,0
782,0
783,0
784,0
785,0
786,2
787,0
788,2
789,0
790,0
791,1
792,0
793,1
794,0
795,0
796,0
797,0
798,0
799,0
800,0
801,0
802,1
803,0
804,0
805,0
806,0
807,0
808,0
809,2
810,0
811,3
812,0
813,0
814,2
815,0
816,2
817,0
818,0
819,0
820,0
821,0
822,2
823,0
824,0
825,0
826,2
827,0
828,0
829,3
830,0
831,0
832,0
833,0
834,2
835,2
836,0
837,0
838,0
839,2
840,0
841,0
842,2
843,1
844,0
845,0
846,0
847,0
848,0
849,0
850,1
851,0
852,1
853,0
854,0
855,0
856,0
857,1
858,0
859,0
860,0
861,1
862,3
863,1
864,0
865,1
866,1
867,2
868,0
869,2
870,0
871,2
872,0
873,0
874,0
875,1
876,2
877,1
878,0
879,1
880,1
881,0
882,0
883,0
884,3
885,0
886,0
887,0
888,1
889,1
890,0
891,3
892,1
893,2
894,0
895,1
896,0
897,0
898,1
899,0
900,0
901,0
902,0
903,0
904,3
905,1
906,0
907,6
908,0
909,0
910,1
911,2
912,0
913,0
914,2
915,0
916,0
917,0
918,0
919,3
920,1
921,0
922,0
923,0
924,1
925,0
926,0
927,0
928,1
929,0
930,0
931,0
932,0
933,2
934,1
935,1
936,0
937,0
938,0
939,0
940,0
941,0
942,0
943,0
944,2
945,2
946,1
947,2
948,2
949,2
950,0
951,0
952,0
953,0
954,0
955,0
956,3
957,0
958,2
959,0
960,0
961,0
962,0
963,0
964,0
965,0
966,0
967,0
968,2
969,1
970,1
971,2
972,0
973,5
974,1
975,0
976,0
977,1
978,2
979,0
980,0
981,2
982,1
983,4
984,0
985,0
986,3
987,0
988,0
989,0
990,0
991,0
992,0
993,0
994,0
995,0
996,0
997,0
998,1
999,1
1000,1
1001,0
1002,0
1003,0
1004,0
1005,0
1006,0
1007,0
1008,1
1009,4
1010,0
1011,0
1012,0
1013,1
1014,0
1015,1
1016,0
1017,0
1018,0
1019,0
1020,0
1021,4
1022,0
1023,3
1024,0
1025,0
1026,1
1027,2
1028,2
1029,4
1030,0
1031,0
1032,0
1033,0
1034,0
1035,2
1036,0
1037,3
1038,0
1039,0
1040,2
1041,0
1042,1
1043,2
1044,3
1045,0
1046,0
1047,2
1048,2
1049,1
1050,2
1051,1
1052,3
1053,0
1054,2
1055,3
1056,0
1057,1
1058,2
1059,0
1060,1
1061,0
1062,0
1063,1
1064,0
1065,0
1066,3
1067,0
1068,0
1069,3
1070,2
1071,0
1072,0
1073,2
1074,4
1075,0
1076,0
1077,2
1078,1
1079,0
1080,0
1081,0
1082,0
1083,0
1084,0
1085,0
1086,0
1087,2
1088,0
1089,2
1090,0
1091,0
1092,0
1093,0
1094,0
1095,0
1096,0
1097,0
1098,0
1099,0
1100,5
1101,0
1102,0
1103,1
1104,0
1105,1
1106,2
1107,1
1108,0
1109,1
1110,0
1111,1
1112,0
1113,4
1114,0
1115,0
1116,0
1117,0
1118,0
1119,0
1120,4
1121,0
1122,1
1123,9
1124,2
1125,0
1126,3
1127,4
1128,0
1129,4
1130,0
1131,0
1132,0
1133,0
1134,0
1135,0
1136,0
1137,0
1138,0
1139,3
1140,0
1141,4
1142,0
1143,1
1144,0
1145,1
1146,1
1147,6
1148,7
1149,5
1150,0
1151,0
1152,1
1153,3
1154,1
1155,0
1156,0
1157,2
1158,0
1159,0
1160,0
1161,0
1162,0
1163,2
1164,1
1165,0
1166,1
1167,0
1168,1
1169,0
1170,0
1171,2
1172,1
1173,0
1174,1
1175,0
1176,1
1177,0
1178,0
1179,0
1180,0
1181,0
1182,5
1183,1
1184,0
1185,3
1186,2
1187,4
1188,0
1189,5
1190,0
1191,0
1192,0
1193,0
1194,0
1195,0
1196,0
1197,0
1198,0
1199,0
1200,0
1201,0
1202,6
1203,5
1204,0
1205,0
1206,0
1207,0
1208,3
1209,0
1210,0
1211,0
1212,0
1213,0
1214,4
1215,3
1216,5
1217,0
1218,0
1219,0
1220,1
1221,0
1222,0
1223,0
1224,0
1225,0
1226,0
1227,0
1228,1
1229,0
1230,0
1231,0
1232,0
1233,5
1234,0
1235,0
1236,1
1237,0
1238,0
1239,2
1240,0
1241,10
1242,0
1243,0
1244,2
1245,5
1246,0
1247,2
1248,0
1249,1
1250,0
1251,7
1252,0
1253,2
1254,7
1255,6
1256,3
1257,0
1258,3
1259,0
1260,3
1261,0
1262,0
1263,6
1264,0
1265,0
1266,2
1267,0
1268,1
1269,2
1270,0
1271,0
1272,6
1273,4
1274,1
1275,0
1276,5
1277,0
1278,0
1279,1
1280,2
1281,0
1282,0
1283,3
1284,3
1285,3
1286,1
1287,5
1288,3
1289,0
1290,5
1291,1
1292,1
1293,1
1294,1
1295,0
1296,0
1297,0
1298,0
1299,4
1300,1
1301,0
1302,0
1303,4
1304,0
1305,1
1306,3
1307,0
1308,0
1309,1
1310,0
1311,7
1312,1
1313,0
1314,5
1315,3
1316,4
1317,2
1318,0
1319,4
1320,5
1321,0
1322,6
1323,12
1324,0
1325,0
1326,0
1327,0
1328,9
1329,7
1330,0
1331,0
1332,0
1333,5
1334,2
1335,3
1336,7
1337,0
1338,0
1339,0
1340,0
1341,0
1342,1
1343,1
1344,1
1345,5
1346,4
1347,18
1348,3
1349,6
1350,2
1351,0
1352,9
1353,1
1354,3
1355,0
1356,6
1357,0
1358,0
1359,1
1360,0
1361,3
1362,0
1363,1
1364,0
1365,7
1366,3
1367,0
1368,0
1369,0
1370,1
1371,1
1372,8
1373,2
1374,0
1375,0
1376,0
1377,2
1378,2
1379,1
1380,0
1381,0
1382,5
1383,2
1384,8
1385,0
1386,4
1387,8
1388,5
1389,0
1390,0
1391,5
1392,3
1393,0
1394,4
1395,3
1396,2
1397,4
1398,3
1399,2
1400,5
1401,2
1402,3
1403,6
1404,0
1405,0
1406,0
1407,1
1408,0
1409,2
1410,12
1411,0
1412,4
1413,6
1414,3
1415,2
1416,0
1417,16
1418,1
1419,0
1420,3
1421,18
1422,2
1423,3
1424,0
1425,16
1426,0
1427,0
1428,9
1429,0
1430,3
1431,0
1432,0
1433,0
1434,0
1435,0
1436,0
1437,0
1438,10
1439,0
1440,0
1441,1
1442,0
1443,0
1444,2
1445,0
1446,7
1447,6
1448,8
1449,4
1450,0
1451,2
1452,0
1453,3
1454,2
1455,0
1456,0
1457,0
1458,11
1459,4
1460,7
1461,1
1462,0
1463,0
1464,0
1465,3
1466,0
1467,1
1468,3
1469,2
1470,6
1471,0
1472,10
1473,3
1474,0
1475,0
1476,4
1477,0
1478,18
1479,0
1480,3
1481,0
1482,0
1483,14
1484,3
1485,0
1486,1
1487,0
1488,2
1489,16
1490,0
1491,14
1492,2
1493,10
1494,2
1495,0
1496,0
1497,0
1498,0
1499,1
1500,2
1501,2
1502,0
1503,0
1504,3
1505,0
1506,0
1507,6
1508,3
1509,4
1510,0
1511,0
1512,2
1513,3
1514,6
1515,2
1516,3
1517,1
1518,4
1519,3
1520,14
1521,2
1522,3
1523,0
1524,1
1525,8
1526,4
1527,7
1528,3
1529,13
1530,22
1531,10
1532,1
1533,0
1534,2
1535,14
1536,23
1537,0
1538,7
1539,11
1540,7
1541,0
1542,0
1543,0
1544,0
1545,1
1546,0
1547,5
1548,1
1549,0
1550,1
1551,2
1552,0
1553,16
1554,2
1555,2
1556,0
1557,0
1558,14
1559,0
1560,4
1561,21
1562,31
1563,4
1564,0
1565,0
1566,9
1567,2
1568,11
1569,0
1570,9
1571,0
1572,5
1573,6
1574,4
1575,33
1576,2
1577,0
1578,24
1579,1
1580,14
1581,14
1582,4
1583,3
1584,0
1585,0
1586,16
1587,16
1588,13
1589,9
1590,29
1591,0
1592,7
1593,0
1594,0
1595,13
1596,12
1597,7
1598,0
1599,5
1600,5
1601,0
1602,9
1603,16
1604,2
1605,0
1606,10
1607,4
1608,41
1609,12
1610,3
1611,0
1612,12
1613,6
1614,7
1615,10
1616,0
1617,12
1618,8
1619,2
1620,5
1621,17
1622,1
1623,6
1624,0
1625,0
1626,2
1627,4
1628,3
1629,5
1630,64
1631,0
1632,7
1633,16
1634,19
1635,0
1636,10
1637,14
1638,45
1639,1
1640,0
1641,0
1642,0
1643,1
1644,5
1645,2
1646,0
1647,0
1648,0
1649,4
1650,0
1651,0
1652,0
1653,44
1654,5
1655,6
1656,0
1657,27
1658,11
1659,21
1660,0
1661,0
1662,23
1663,6
1664,4
1665,22
1666,18
1667,5
1668,0
1669,4
1670,3
1671,0
1672,0
1673,2
1674,8
1675,2
1676,3
1677,28
1678,5
1679,0
1680,0
1681,8
1682,28
1683,3
1684,12
1685,0
1686,0
1687,7
1688,0
1689,16
1690,0
1691,3
1692,1
1693,0
1694,4
1695,19
1696,0
1697,0
1698,0
1699,2
1700,0
1701,6
1702,22
1703,6
1704,14
1705,12
1706,1
1707,6
1708,0
1709,5
1710,0
1711,4
1712,7
1713,6
1714,0
1715,3
1716,0
1717,0
1718,7
1719,0
1720,2
1721,0
1722,0
1723,0
1724,0
1725,0
1726,3
1727,24
1728,0
1729,7
1730,0
1731,0
1732,0
1733,10
1734,5
1735,0
1736,0
1737,3
1738,23
1739,32
1740,5
1741,2
1742,0
1743,0
1744,5
1745,3
1746,12
1747,1
1748,38
1749,5
1750,9
1751,0
1752,21
1753,7
1754,34
1755,0
1756,0
1757,12
1758,9
1759,0
1760,5
1761,3
1762,0
1763,0
1764,0
1765,6
1766,0
1767,15
1768,0
1769,0
1770,0
1771,6
1772,23
1773,0
1774,1
1775,5
1776,3
1777,0
1778,28
1779,0
1780,0
1781,0
1782,20
1783,0
1784,4
1785,39
1786,0
1787,6
1788,13
1789,34
1790,6
1791,11
1792,7
1793,14
1794,4
1795,14
1796,20
1797,13
1798,0
1799,2
1800,39
1801,20
1802,32
1803,5
1804,10
1805,5
1806,15
1807,1
1808,0
1809,24
1810,0
1811,0
1812,0
1813,6
1814,42
1815,27
1816,0
1817,9
1818,24
1819,0
1820,0
1821,0
1822,4
1823,3
1824,0
1825,0
1826,45
1827,0
1828,7
1829,27
1830,0
1831,25
1832,0
1833,16
1834,7
1835,34
1836,7
1837,3
1838,10
1839,0
1840,3
1841,0
1842,0
1843,1
1844,0
1845,0
1846,0
1847,5
1848,7
1849,0
1850,35
1851,0
1852,4
1853,7
1854,27
1855,16
1856,1
1857,2
1858,10
1859,10
1860,0
1861,9
1862,3
1863,58
1864,14
1865,15
1866,0
1867,0
1868,0
1869,1
1870,14
1871,30
1872,0
1873,6
1874,4
1875,4
1876,23
1877,40
1878,42
1879,0
1880,4
1881,22
1882,29
1883,10
1884,1
1885,5
1886,0
1887,0
1888,14
1889,51
1890,1
1891,0
1892,0
1893,23
1894,0
1895,17
1896,0
1897,0
1898,9
1899,7
1900,16
1901,19
1902,47
1903,1
1904,23
1905,1
1906,5
1907,1
1908,0
1909,0
1910,54
1911,0
1912,0
1913,16
1914,5
1915,0
1916,5
1917,34
1918,0
1919,29
1920,0
1921,77
1922,17
1923,24
1924,43
1925,72
1926,36
1927,5
1928,14
1929,3
1930,35
1931,3
1932,0
1933,27
1934,0
1935,0
1936,13
1937,21
1938,31
1939,1
1940,0
1941,0
1942,7
1943,9
1944,5
1945,22
1946,2
1947,35
1948,0
1949,5
1950,0
1951,16
1952,0
1953,2
1954,49
1955,10
1956,7
1957,0
1958,0
1959,0
1960,0
1961,0
1962,36
1963,17
1964,0
1965,0
1966,12
1967,0
1968,7
1969,0
1970,1
1971,30
1972,14
1973,37
1974,37
1975,0
1976,6
1977,0
1978,7
1979,0
1980,1
1981,15
1982,7
1983,1
1984,35
1985,0
1986,2
1987,14
1988,0
1989,14
1990,20
1991,30
1992,1
1993,15
1994,3
1995,27
1996,4
1997,0
1998,12
1999,13
2000,0
2001,21
2002,20
2003,25
2004,0
2005,13
2006,18
2007,0
2008,2
2009,0
2010,11
2011,0
2012,26
2013,0
2014,19
2015,18
2016,21
2017,18
2018,29
2019,0
2020,36
2021,0
2022,3
2023,4
2024,49
2025,0
2026,8
2027,0
2028,24
2029,57
2030,45
2031,0
2032,5
2033,0
2034,1
2035,0
2036,0
2037,7
2038,21
2039,0
2040,0
2041,3
2042,84
2043,1
2044,5
2045,36
2046,0
2047,6
2048,11
2049,17
2050,0
2051,5
2052,5
2053,0
2054,6
2055,7
2056,0
2057,0
2058,2
2059,20
2060,0
2061,45
2062,47
2063,2
2064,5
2065,3
2066,10
2067,32
2068,0
2069,3
2070,6
2071,7
2072,0
2073,0
2074,1
2075,9
2076,0
2077,20
2078,9
2079,20
2080,6
2081,2
2082,11
2083,5
2084,38
2085,0
2086,16
2087,1
2088,0
2089,1
2090,0
2091,1
2092,2
2093,2
2094,0
2095,3
2096,0
2097,11
2098,13
2099,19
2100,31
2101,33
2102,12
2103,4
2104,0
2105,6
2106,6
2107,40
2108,0
2109,0
2110,19
2111,12
2112,12
2113,0
2114,10
2115,10
2116,5
2117,19
2118,9
2119,0
2120,0
2121,35
2122,21
2123,0
2124,2
2125,3
2126,22
2127,11
2128,15
2129,0
2130,2
2131,2
2132,1
2133,19
2134,9
2135,0
2136,16
2137,2
2138,3
2139,5
2140,7
2141,6
2142,5
2143,3
2144,1
2145,3
2146,7
2147,5
2148,17
2149,12
2150,0
2151,8
2152,0
2153,12
2154,5
2155,4
2156,0
2157,23
2158,7
2159,7
2160,0
2161,6
2162,5
2163,0
2164,0
2165,2
2166,30
2167,4
2168,0
2169,7
2170,6
2171,0
2172,6
2173,3
2174,4
2175,8
2176,28
2177,0
2178,28
2179,2
2180,10
2181,7
2182,4
2183,19
2184,30
2185,6
2186,2
2187,11
2188,0
2189,0
2190,3
2191,5
2192,0
2193,1
2194,4
2195,10
2196,0
2197,9
2198,0
2199,8
2200,3
2201,0
2202,4
2203,16
2204,5
2205,5
2206,11
2207,11
2208,0
2209,23
2210,8
2211,13
2212,12
2213,15
2214,6
2215,0
2216,28
2217,0
2218,0
2219,17
2220,13
2221,8
2222,3
2223,7
2224,36
2225,19
2226,12
2227,24
2228,11
2229,15
2230,4
2231,0
2232,11
2233,1
2234,3
2235,19
2236,5
2237,1
2238,3
2239,55
2240,2
2241,17
2242,0
2243,4
2244,2
2245,4
2246,9
2247,0
2248,2
2249,1
2250,5
2251,0
2252,7
2253,15
2254,3
2255,4
2256,7
2257,4
2258,0
2259,9
2260,2
2261,23
2262,4
2263,4
2264,0
2265,0
2266,33
2267,7
2268,6
2269,0
2270,29
2271,6
2272,5
2273,21
2274,0
2275,5
2276,2
2277,7
2278,0
2279,34
2280,17
2281,4
2282,10
2283,0
2284,0
2285,6
2286,1
2287,3
2288,3
2289,0
2290,5
2291,0
2292,6
2293,0
2294,9
2295,25
2296,3
2297,5
2298,7
2299,1
2300,2
2301,6
2302,16
2303,0
2304,2
2305,4
2306,29
2307,4
2308,6
2309,0
2310,18
2311,0
2312,9
2313,46
2314,36
2315,3
2316,0
2317,4
2318,13
2319,39
2320,16
2321,16
2322,22
2323,15
2324,17
2325,15
2326,43
2327,10
2328,52
2329,0
2330,3
2331,0
2332,0
2333,2
2334,30
2335,43
2336,40
2337,0
2338,0
2339,7
2340,18
2341,17
2342,2
2343,2
2344,2
2345,2
2346,16
2347,13
2348,20
2349,0
2350,2
2351,6
2352,1
2353,12
2354,2
2355,46
2356,2
2357,2
2358,0
2359,5
2360,15
2361,15
2362,3
2363,0
2364,0
2365,19
2366,6
2367,13
2368,17
2369,25
2370,0
2371,21
2372,1
2373,0
2374,7
2375,69
2376,0
2377,10
2378,6
2379,3
2380,37
2381,10
2382,0
2383,40
2384,5
2385,29
2386,10
2387,0
2388,8
2389,15
2390,12
2391,0
2392,0
2393,3
2394,10
2395,6
2396,0
2397,31
2398,7
2399,11
2400,5
2401,1
2402,15
2403,15
2404,34
2405,31
2406,7
2407,8
2408,0
2409,3
2410,1
2411,5
2412,1
2413,5
2414,1
2415,15
2416,3
2417,2
2418,20
2419,20
2420,0
2421,5
2422,15
2423,10
2424,0
2425,4
2426,2
2427,6
2428,0
2429,31
2430,6
2431,1
2432,22
2433,18
2434,1
2435,14
2436,1
2437,8
2438,7
2439,30
2440,19
2441,0
2442,4
2443,11
2444,13
2445,14
2446,34
2447,0
2448,1
2449,33
2450,8
2451,23
2452,11
2453,11
2454,2
2455,4
2456,2
2457,11
2458,1
2459,30
2460,6
2461,6
2462,3
2463,8
2464,17
2465,2
2466,16
2467,3
2468,0
2469,6
2470,32
2471,2
2472,37
2473,21
2474,10
2475,34
2476,10
2477,17
2478,37
2479,15
2480,5
2481,12
2482,40
2483,5
2484,12
2485,2
2486,5
2487,2
2488,2
2489,14
2490,10
2491,6
2492,2
2493,5
2494,17
2495,18
2496,3
2497,18
2498,35
2499,3
2500,2
2501,4
2502,1
2503,10
2504,21
2505,2
2506,10
2507,9
2508,1
2509,25
2510,5
2511,2
2512,2
2513,1
2514,19
2515,29
2516,5
2517,1
2518,3
2519,26
2520,0
2521,1
2522,19
2523,1
2524,0
2525,9
2526,12
2527,1
2528,27
2529,1
2530,0
2531,4
2532,3
2533,2
2534,2
2535,4
2536,2
2537,0
2538,1
2539,3
2540,4
2541,1
2542,7
2543,20
2544,0
2545,2
2546,24
2547,13
2548,4
2549,41
2550,4
2551,1
2552,19
2553,4
2554,20
2555,4
2556,4
2557,7
2558,32
2559,14
2560,9
2561,22
2562,9
2563,18
2564,3
2565,3
2566,4
2567,7
2568,19
2569,0
2570,7
2571,1
2572,2
2573,23
2574,5
2575,0
2576,0
2577,11
2578,10
2579,4
2580,17
2581,7
2582,23
2583,16
2584,10
2585,35
2586,19
2587,0
2588,6
2589,4
2590,5
2591,4
2592,5
2593,0
2594,10
2595,2
2596,2
2597,5
2598,1
2599,47
2600,11
2601,22
2602,12
2603,4
2604,5
2605,2
2606,3
2607,6
2608,22
2609,6
2610,0
2611,6
2612,2
2613,1
2614,17
2615,1
2616,42
2617,12
2618,0
2619,18
2620,16
2621,2
2622,21
2623,2
2624,13
2625,5
2626,13
2627,12
2628,25
2629,14
2630,24
2631,33
2632,4
2633,8
2634,8
2635,0
2636,4
2637,1
2638,1
2639,18
2640,0
2641,16
2642,6
2643,4
2644,22
2645,7
2646,18
2647,11
2648,5
2649,18
2650,9
2651,7
2652,2
2653,7
2654,25
2655,25
2656,3
2657,3
2658,10
2659,28
2660,11
2661,16
2662,0
2663,8
2664,16
2665,18
2666,26
2667,5
2668,11
2669,0
2670,9
2671,4
2672,10
2673,48
2674,3
2675,5
2676,4
2677,1
2678,13
2679,7
2680,37
2681,23
2682,6
2683,0
2684,22
2685,64
2686,0
2687,9
2688,14
2689,1
2690,18
2691,42
2692,7
2693,6
2694,0
2695,1
2696,31
2697,3
2698,4
2699,3
2700,5
2701,14
2702,3
2703,6
2704,14
2705,25
2706,5
2707,2
2708,6
2709,4
2710,6
2711,3
2712,5
2713,35
2714,29
2715,1
2716,33
2717,10
2718,29
2719,1
2720,30
2721,4
2722,7
2723,13
2724,22
2725,22
2726,13
2727,11
2728,13
2729,0
2730,11
2731,34
2732,19
2733,6
2734,4
2735,19
2736,21
2737,5
2738,0
2739,14
2740,14
2741,11
2742,4
2743,13
2744,38
2745,3
2746,11
2747,2
2748,2
2749,12
2750,14
2751,26
2752,3
2753,10
2754,2
2755,16
2756,3
2757,3
2758,1
2759,31
2760,3
2761,2
2762,23
2763,15
2764,3
2765,7
2766,2
2767,11
2768,4
2769,6
2770,34
2771,8
2772,3
2773,13
2774,18
2775,1
2776,11
2777,0
2778,10
2779,14
2780,0
2781,8
2782,16
2783,15
2784,10
2785,25
2786,2
2787,47
2788,4
2789,11
2790,4
2791,0
2792,21
2793,14
2794,5
2795,19
2796,12
2797,9
2798,3
2799,4
2800,4
2801,20
2802,17
2803,0
2804,4
2805,6
2806,18
2807,15
2808,5
2809,11
2810,2
2811,17
2812,0
2813,11
2814,8
2815,2
2816,30
2817,4
2818,21
2819,8
2820,12
2821,17
2822,4
2823,37
2824,13
2825,35
2826,31
2827,4
2828,0
2829,8
2830,0
2831,12
2832,7
2833,6
2834,4
2835,12
2836,8
2837,5
2838,4
2839,13
2840,7
2841,12
2842,40
2843,26
2844,0
2845,0
2846,11
2847,2
2848,6
2849,16
2850,24
2851,2
2852,3
2853,17
2854,12
2855,9
2856,1
2857,5
2858,10
2859,2
2860,1
2861,1
2862,7
2863,19
2864,35
2865,36
2866,3
2867,24
2868,3
2869,1
2870,1
2871,27
2872,0
2873,6
2874,1
2875,3
2876,13
2877,55
2878,38
2879,6
2880,3
2881,19
2882,0
2883,30
2884,0
2885,27
2886,2
2887,1
2888,10
2889,1
2890,9
2891,16
2892,7
2893,1
2894,13
2895,1
2896,2
2897,0
2898,8
2899,12
2900,1
2901,17
2902,24
2903,6
2904,23
2905,2
2906,4
2907,7
2908,6
2909,0
2910,0
2911,24
2912,12
2913,3
2914,36
2915,17
2916,10
2917,31
2918,11
2919,4
2920,56
2921,14
2922,5
2923,6
2924,2
2925,15
2926,18
2927,7
2928,3
2929,15
2930,13
2931,10
2932,5
2933,1
2934,7
2935,2
2936,20
2937,6
2938,71
2939,31
2940,8
2941,3
2942,23
2943,34
2944,1
2945,54
2946,0
2947,19
2948,30
2949,23
2950,4
2951,15
2952,9
2953,57
2954,8
2955,3
2956,75
2957,11
2958,130
2959,7
2960,21
2961,17
2962,3
2963,2
2964,41
2965,14
2966,25
2967,57
2968,1
2969,1
2970,9
2971,11
2972,6
2973,36
2974,76
2975,20
2976,63
2977,40
2978,2
2979,22
2980,4
2981,82
2982,2
2983,11
2984,2
2985,2
2986,16
2987,35
2988,10
2989,36
2990,18
2991,7
2992,7
2993,5
2994,18
2995,54
2996,46
2997,7
2998,15
2999,2
3000,0
3001,17
3002,3
3003,12
3004,7
3005,8
3006,12
3007,11
3008,23
3009,8
3010,4
3011,25
3012,2
3013,19
3014,10
3015,19
3016,4
3017,12
3018,0
3019,28
3020,16
3021,2
3022,17
3023,7
3024,5
3025,5
3026,10
3027,8
3028,27
3029,4
3030,5
3031,14
3032,8
3033,16
3034,24
3035,0
3036,19
3037,16
3038,9
3039,1
3040,19
3041,7
3042,0
3043,16
3044,6
3045,4
3046,1
3047,10
3048,4
3049,13
3050,1
3051,1
3052,1
3053,22
3054,17
3055,7
3056,12
3057,8
3058,25
3059,2
3060,1
3061,2
3062,2
3063,1
3064,1
3065,1
3066,21
3067,12
3068,1
3069,2
3070,1
3071,2
3072,0
3073,2
3074,2
3075,0
3076,3
3077,5
3078,1
3079,1
3080,8
3081,16
3082,4
3083,2
3084,2
3085,6
3086,1
3087,1
3088,1
3089,2
3090,4
3091,2
3092,1
3093,1
3094,1
3095,1
3096,1
3097,1
3098,6
3099,1
3100,2
3101,0
3102,4
3103,7
3104,3
3105,1
3106,2
3107,0
3108,1
3109,2
3110,2
3111,1
3112,1
3113,11
3114,1
3115,1
3116,0
3117,25
3118,17
3119,0
3120,1
3121,18
3122,1
3123,28
3124,2
3125,19
3126,8
3127,0
3128,1
3129,6
3130,27
3131,29
3132,16
3133,0
3134,1
3135,0
3136,67
3137,23
3138,4
3139,0
3140,36
3141,109
3142,0
3143,33
3144,19
3145,8
3146,44
3147,116
3148,24
3149,5
3150,8
3151,11
3152,19
3153,9
3154,10
3155,0
3156,17
3157,19
3158,4
3159,20
3160,21
3161,12
3162,96
3163,20
3164,0
3165,5
3166,79
3167,97
3168,35
3169,19
3170,143
3171,1
3172,1
3173,7
3174,27
3175,52
3176,37
3177,19
3178,0
3179,13
3180,0
3181,37
3182,32
3183,117
3184,12
3185,4
3186,4
3187,89
3188,44
3189,27
3190,19
3191,28
3192,0
3193,313
3194,6
3195,23
3196,25
3197,67
3198,7
3199,18
3200,41
3201,30
3202,32
3203,177
3204,4
3205,5
3206,32
3207,48
3208,12
3209,48
3210,43
3211,5
3212,52
3213,55
3214,26
3215,49
3216,34
3217,7
3218,36
3219,12
3220,43
3221,89
3222,11
3223,47
3224,123
3225,34
3226,102
3227,66
3228,2
3229,2
3230,56
3231,18
3232,209
3233,2
3234,39
3235,67
3236,24
3237,3
3238,36
3239,20
3240,55
3241,45
3242,38
3243,107
3244,7
3245,82
3246,24
3247,0
3248,42
3249,3
3250,20
3251,15
3252,160
3253,82
3254,61
3255,5
3256,250
3257,75
3258,12
3259,7
3260,56
3261,14
3262,113
3263,41
3264,77
3265,2
3266,47
3267,1
3268,45
3269,29
3270,29
3271,44
3272,27
3273,88
3274,55
3275,38
3276,8
3277,5
3278,58
3279,143
3280,129
3281,21
3282,22
3283,0
3284,0
3285,51
3286,89
3287,31
3288,10
3289,56
3290,107
3291,5
3292,67
3293,56
3294,40
3295,120
3296,94
3297,61
3298,67
3299,0
3300,2
3301,48
3302,70
3303,8
3304,17
3305,22
3306,37
3307,22
3308,24
3309,39
3310,1
3311,83
3312,27
3313,37
3314,35
3315,52
3316,44
3317,44
3318,21
3319,114
3320,35
3321,32
3322,74
3323,68
3324,42
3325,113
3326,38
3327,13
3328,37
3329,39
3330,174
3331,38
3332,63
3333,0
3334,32
3335,30
3336,46
3337,17
3338,34
3339,35
3340,48
3341,70
3342,39
3343,82
3344,27
3345,69
3346,25
3347,211
3348,20
3349,53
3350,18
3351,61
3352,35
3353,72
3354,129
3355,90
3356,39
3357,61
3358,24
3359,3
3360,2
3361,22
3362,15
3363,6
3364,31
3365,20
3366,62
3367,23
3368,12
3369,98
3370,22
3371,20
3372,127
3373,1
3374,12
3375,34
3376,6
3377,70
3378,10
3379,61
3380,23
3381,17
3382,10
3383,120
3384,46
3385,30
3386,47
3387,9
3388,6
3389,3
3390,77
3391,6
3392,13
3393,55
3394,104
3395,22
3396,11
3397,14
3398,47
3399,55
3400,54
3401,5
3402,13
3403,165
3404,77
3405,104
3406,160
3407,0
3408,87
3409,84
3410,55
3411,0
3412,42
3413,47
3414,83
3415,12
3416,101
3417,40
3418,16
3419,96
3420,63
3421,12
3422,76
3423,17
3424,6
3425,56
3426,58
3427,29
3428,121
3429,10
3430,18
3431,162
3432,19
3433,44
3434,202
3435,210
3436,72
3437,43
3438,26
3439,67
3440,125
3441,98
3442,95
3443,160
3444,62
3445,97
3446,69
3447,6
3448,43
3449,10
3450,6
3451,99
3452,26
3453,118
3454,62
3455,139
3456,11
3457,122
3458,53
3459,4
3460,44
3461,23
3462,26
3463,10
3464,47
3465,9
3466,41
3467,0
3468,64
3469,11
3470,53
3471,40
3472,60
3473,9
3474,68
3475,34
3476,58
3477,93
3478,0
3479,64
3480,11
3481,86
3482,38
3483,13
3484,36
3485,7
3486,19
3487,25
3488,134
3489,88
3490,97
3491,38
3492,53
3493,37
3494,14
3495,2
3496,5
3497,40
3498,23
3499,11
3500,14
3501,49
3502,17
3503,34
3504,9
3505,10
3506,7
3507,9
3508,45
3509,22
3510,4
3511,39
3512,6
3513,66
3514,21
3515,0
3516,1
3517,38
3518,25
3519,111
3520,53
3521,31
3522,0
3523,43
3524,101
3525,100
3526,78
3527,31
3528,7
3529,91
3530,6
3531,102
3532,24
3533,158
3534,10
3535,64
3536,18
3537,2
3538,15
3539,45
3540,23
3541,47
3542,101
3543,29
3544,51
3545,73
3546,21
3547,38
3548,54
3549,25
3550,18
3551,8
3552,11
3553,19
3554,16
3555,0
3556,7
3557,23
3558,33
3559,19
3560,20
3561,3
3562,2
3563,58
3564,19
3565,67
3566,30
3567,15
3568,7
3569,7
3570,8
3571,0
3572,22
3573,77
3574,71
3575,5
3576,9
3577,31
3578,29
3579,31
3580,19
3581,12
3582,9
3583,16
3584,0
3585,42
3586,22
3587,25
3588,11
3589,25
3590,17
3591,13
3592,59
3593,8
3594,196
3595,13
3596,12
3597,0
3598,32
3599,9
3600,80
3601,37
3602,35
3603,1
3604,25
3605,37
3606,7
3607,116
3608,48
3609,83
3610,3
3611,124
3612,7
3613,2
3614,66
3615,5
3616,67
3617,57
3618,73
3619,28
3620,105
3621,75
3622,68
3623,51
3624,37
3625,185
3626,14
3627,31
3628,34
3629,0
3630,121
3631,24
3632,53
3633,5
3634,112
3635,97
3636,51
3637,8
3638,40
3639,30
3640,60
3641,2
3642,12
3643,33
3644,16
3645,33
3646,29
3647,32
3648,15
3649,144
3650,157
3651,73
3652,108
3653,106
3654,43
3655,68
3656,10
3657,5
3658,103
3659,107
3660,131
3661,9
3662,181
3663,46
3664,86
3665,62
3666,53
3667,42
3668,6
3669,54
3670,25
3671,49
3672,181
3673,40
3674,58
3675,72
3676,38
3677,48
3678,140
3679,94
3680,12
3681,87
3682,24
3683,0
3684,70
3685,87
3686,66
3687,127
3688,58
3689,59
3690,154
3691,127
3692,73
3693,13
3694,58
3695,151
3696,87
3697,510
3698,100
3699,79
3700,106
3701,143
3702,54
3703,116
3704,209
3705,91
3706,116
3707,120
3708,193
3709,84
3710,16
3711,309
3712,15
3713,130
3714,100
3715,109
3716,256
3717,3
3718,394
3719,149
3720,74
3721,139
3722,0
3723,112
3724,17
3725,19
3726,61
3727,6
3728,260
3729,105
3730,58
3731,3
3732,228
3733,391
3734,56
3735,30
3736,103
3737,106
3738,6
3739,29
3740,155
3741,100
3742,32
3743,15
3744,165
3745,70
3746,63
3747,171
3748,351
3749,119
3750,61
3751,102
3752,8
3753,326
3754,7
3755,133
3756,8
3757,115
3758,75
3759,277
3760,68
3761,44
3762,299
3763,107
3764,11
3765,12
3766,25
3767,365
3768,201
3769,131
3770,117
3771,76
3772,23
3773,0
3774,83
3775,42
3776,19
3777,73
3778,254
3779,16
3780,21
3781,51
3782,69
3783,48
3784,81
3785,82
3786,37
3787,48
3788,26
3789,172
3790,0
3791,60
3792,78
3793,188
3794,15
3795,71
3796,19
3797,214
3798,203
3799,7
3800,65
3801,44
3802,60
3803,103
3804,52
3805,31
3806,93
3807,9
3808,27
3809,186
3810,35
3811,13
3812,195
3813,108
3814,29
3815,28
3816,28
3817,2
3818,46
3819,66
3820,209
3821,12
3822,115
3823,14
3824,353
3825,51
3826,65
3827,12
3828,57
3829,96
3830,42
3831,118
3832,33
3833,42
3834,71
3835,71
3836,21
3837,61
3838,74
3839,117
3840,11
3841,26
3842,0
3843,40
3844,18
3845,36
3846,2
3847,18
3848,4
3849,99
3850,22
3851,92
3852,208
3853,136
3854,29
3855,46
3856,44
3857,6
3858,301
3859,110
3860,161
3861,80
3862,74
3863,127
3864,355
3865,171
3866,49
3867,25
3868,194
3869,339
3870,302
3871,109
3872,78
3873,0
3874,394
3875,213
3876,68
3877,180
3878,438
3879,37
3880,54
3881,73
3882,45
3883,58
3884,120
3885,371
3886,24
3887,52
3888,39
3889,19
3890,1002
3891,21
3892,22
3893,106
3894,17
3895,37
3896,100
3897,22
3898,314
3899,52
3900,0
3901,351
3902,91
3903,231
3904,56
3905,14
3906,102
3907,70
3908,5
3909,432
3910,107
3911,214
3912,2
3913,4
3914,18
3915,56
3916,37
3917,95
3918,38
3919,96
3920,170
3921,0
3922,141
3923,45
3924,183
3925,98
3926,195
3927,48
3928,251
3929,108
3930,9
3931,42
3932,32
3933,39
3934,76
3935,38
3936,80
3937,195
3938,18
3939,125
3940,57
3941,19
3942,41
3943,17
3944,1
3945,83
3946,86
3947,20
3948,53
3949,80
3950,14
3951,55
3952,320
3953,442
3954,70
3955,32
3956,99
3957,110
3958,64
3959,26
3960,318
3961,50
3962,24
3963,25
3964,36
3965,11
3966,56
3967,64
3968,160
3969,55
3970,210
3971,88
3972,191
3973,156
3974,398
3975,256
3976,86
3977,36
3978,93
3979,39
3980,78
3981,400
3982,8
3983,89
3984,87
3985,90
3986,168
3987,78
3988,22
3989,97
3990,40
3991,13
3992,134
3993,416
3994,166
3995,14
3996,84
3997,140
3998,99
3999,461
4000,318
4001,8
4002,82
4003,132
4004,0
4005,23
4006,249
4007,33
4008,360
4009,138
4010,87
4011,203
4012,17
4013,183
4014,321
4015,317
4016,489
4017,80
4018,81
4019,32
4020,114
4021,112
4022,124
4023,127
4024,138
4025,38
4026,133
4027,20
4028,353
4029,44
4030,54
4031,286
4032,105
4033,282
4034,110
4035,565
4036,364
4037,275
4038,123
4039,49
4040,20
4041,50
4042,213
4043,248
4044,0
4045,286
4046,105
4047,119
4048,630
4049,31
4050,87
4051,234
4052,782
4053,254
4054,519
4055,155
4056,138
4057,159
4058,117
4059,119
4060,125
4061,233
4062,28
4063,67
4064,178
4065,79
4066,48
4067,116
4068,359
4069,11
4070,30
4071,91
4072,41
4073,243
4074,44
4075,50
4076,33
4077,517
4078,283
4079,290
4080,253
4081,141
4082,394
4083,32
4084,1046
4085,51
4086,383
4087,238
4088,68
4089,78
4090,7
4091,115
4092,97
4093,46
4094,59
4095,247
4096,168
4097,81
4098,102
4099,163
4100,125
4101,101
4102,61
4103,117
4104,25
4105,319
4106,43
4107,368
4108,345
4109,181
4110,227
4111,161
4112,121
4113,58
4114,252
4115,56
4116,14
4117,245
4118,54
4119,236
4120,222
4121,64
4122,701
4123,117
4124,46
4125,103
4126,526
4127,182
4128,10
4129,134
4130,174
4131,81
4132,229
4133,75
4134,80
4135,177
4136,59
4137,105
4138,208
4139,17
4140,139
4141,196
4142,68
4143,93
4144,456
4145,79
4146,87
4147,24
4148,45
4149,130
4150,547
4151,152
4152,7
4153,146
4154,473
4155,797
4156,613
4157,487
4158,153
4159,275
4160,105
4161,122
4162,250
4163,440
4164,168
4165,222
4166,661
4167,285
4168,241
4169,293
4170,634
4171,10
4172,161
4173,327
4174,139
4175,32
4176,462
4177,45
4178,245
4179,29
4180,193
4181,55
4182,416
4183,431
4184,94
4185,55
4186,90
4187,103
4188,408
4189,431
4190,218
4191,95
4192,207
4193,67
4194,109
4195,125
4196,74
4197,261
4198,157
4199,73
4200,148
4201,646
4202,194
4203,77
4204,20
4205,309
4206,157
4207,37
4208,79
4209,9
4210,137
4211,320
4212,33
4213,130
4214,25
4215,505
4216,377
4217,113
4218,335
4219,148
4220,71
4221,27
4222,125
4223,306
4224,107
4225,985
4226,264
4227,209
4228,212
4229,92
4230,465
4231,140
4232,29
4233,141
4234,73
4235,287
4236,36
4237,176
4238,67
4239,275
4240,66
4241,70
4242,58
4243,72
4244,208
4245,133
4246,29
4247,242
4248,281
4249,47
4250,78
4251,109
4252,115
4253,80
4254,17
4255,104
4256,269
4257,263
4258,52
4259,386
4260,26
4261,172
4262,270
4263,269
4264,37
4265,51
4266,80
4267,191
4268,13
4269,150
4270,5
4271,12
4272,199
4273,127
4274,2
4275,2
4276,359
4277,37
4278,57
4279,33
4280,90
4281,58
4282,69
4283,82
4284,60
4285,409
4286,108
4287,37
4288,39
4289,11
4290,115
4291,168
4292,9
4293,50
4294,25
4295,4
4296,16
4297,107
4298,242
4299,128
4300,35
4301,7
4302,64
4303,203
4304,9
4305,121
4306,130
4307,80
4308,112
4309,180
4310,234
4311,7
4312,246
4313,17
4314,24
4315,45
4316,99
4317,86
4318,235
4319,182
4320,429
4321,130
4322,119
4323,197
4324,15
4325,33
4326,5
4327,46
4328,26
4329,145
4330,53
4331,23
4332,303
4333,73
4334,40
4335,71
4336,104
4337,55
4338,93
4339,209
4340,535
4341,24
4342,3
4343,2
4344,19
4345,10
4346,15
4347,22
4348,36
4349,34
4350,39
4351,156
4352,28
4353,5
4354,64
4355,6
4356,50
4357,9
4358,37
4359,2
4360,11
4361,34
4362,292
4363,101
4364,18
4365,95
4366,253
4367,43
4368,84
4369,146
4370,102
4371,158
4372,320
4373,173
4374,28
4375,39
4376,123
4377,83
4378,30
4379,295
4380,117
4381,9
4382,62
4383,40
4384,25
4385,389
4386,43
4387,365
4388,4
4389,227
4390,58
4391,39
4392,87
4393,86
4394,221
4395,179
4396,247
4397,153
4398,171
4399,534
4400,109
4401,77
4402,84
4403,89
4404,111
4405,302
4406,47
4407,65
4408,9
4409,18
4410,225
4411,17
4412,111
4413,241
4414,149
4415,240
4416,5
4417,70
4418,183
4419,113
4420,29
4421,83
4422,414
4423,317
4424,204
4425,193
4426,60
4427,38
4428,29
4429,6
4430,15
4431,188
4432,361
4433,525
4434,14
4435,50
4436,213
4437,192
4438,122
4439,117
4440,25
4441,293
4442,83
4443,22
4444,148
4445,83
4446,20
4447,87
4448,175
4449,110
4450,7
4451,223
4452,6
4453,57
4454,370
4455,102
4456,30
4457,42
4458,40
4459,180
4460,462
4461,53
4462,47
4463,170
4464,27
4465,116
4466,101
4467,295
4468,11
4469,71
4470,107
4471,351
4472,459
4473,97
4474,431
4475,144
4476,161
4477,80
4478,124
4479,94
4480,89
4481,264
4482,121
4483,8
4484,549
4485,29
4486,36
4487,136
4488,325
4489,67
4490,38
4491,159
4492,139
4493,3
4494,149
4495,22
4496,268
4497,237
4498,55
4499,133
4500,424
4501,102
4502,187
4503,30
4504,479
4505,768
4506,377
4507,117
4508,2
4509,399
4510,409
4511,103
4512,11
4513,119
4514,363
4515,712
4516,541
4517,322
4518,113
4519,133
4520,281
4521,155
4522,23
4523,995
4524,155
4525,22
4526,66
4527,9
4528,242
4529,309
4530,194
4531,269
4532,12
4533,24
4534,236
4535,179
4536,129
4537,311
4538,400
4539,168
4540,230
4541,440
4542,25
4543,351
4544,22
4545,139
4546,88
4547,204
4548,33
4549,64
4550,128
4551,219
4552,862
4553,351
4554,9
4555,158
4556,45
4557,31
4558,737
4559,45
4560,10
4561,555
4562,43
4563,9
4564,56
4565,185
4566,21
4567,110
4568,13
4569,67
4570,5
4571,4
4572,67
4573,101
4574,49
4575,18
4576,154
4577,42
4578,58
4579,37
4580,59
4581,157
4582,70
4583,266
4584,62
4585,38
4586,163
4587,64
4588,60
4589,149
4590,32
4591,68
4592,31
4593,239
4594,91
4595,142
4596,11
4597,9
4598,61
4599,172
4600,155
4601,177
4602,59
4603,445
4604,31
4605,36
4606,118
4607,181
4608,8
4609,20
4610,641
4611,46
4612,110
4613,9
4614,137
4615,51
4616,3
4617,22
4618,52
4619,152
4620,113
4621,233
4622,11
4623,80
4624,365
4625,253
4626,426
4627,145
4628,350
4629,21
4630,55
4631,203
4632,249
4633,139
4634,17
4635,161
4636,221
4637,140
4638,176
4639,89
4640,128
4641,525
4642,117
4643,115
4644,23
4645,513
4646,41
4647,35
4648,3
4649,21
4650,101
4651,37
4652,197
4653,59
4654,103
4655,47
4656,3
4657,236
4658,96
4659,43
4660,285
4661,41
4662,61
4663,57
4664,143
4665,26
4666,54
4667,28
4668,27
4669,43
4670,71
4671,211
4672,150
4673,96
4674,75
4675,159
4676,33
4677,158
4678,146
4679,66
4680,36
4681,160
4682,49
4683,137
4684,5
4685,25
4686,155
4687,26
4688,259
4689,296
4690,45
4691,138
4692,217
4693,17
4694,83
4695,4
4696,86
4697,53
4698,41
4699,29
4700,8
4701,338
4702,80
4703,74
4704,922
4705,43
4706,80
4707,9
4708,225
4709,30
4710,152
4711,137
4712,43
4713,249
4714,103
4715,65
4716,84
4717,32
4718,214
4719,15
4720,37
4721,211
4722,34
4723,17
4724,19
4725,15
4726,164
4727,15
4728,36
4729,173
4730,83
4731,11
4732,14
4733,4
4734,170
4735,47
4736,339
4737,226
4738,384
4739,71
4740,43
4741,23
4742,16
4743,779
4744,283
4745,86
4746,52
4747,155
4748,61
4749,49
4750,253
4751,13
4752,347
4753,17
4754,151
4755,12
4756,341
4757,253
4758,69
4759,203
4760,5
4761,244
4762,328
4763,217
4764,446
4765,168
4766,90
4767,29
4768,379
4769,133
4770,310
4771,40
4772,197
4773,140
4774,139
4775,152
4776,82
4777,60
4778,137
4779,28
4780,90
4781,46
4782,35
4783,284
4784,37
4785,43
4786,18
4787,134
4788,115
4789,25
4790,79
4791,62
4792,94
4793,24
4794,136
4795,49
4796,95
4797,63
4798,42
4799,120
4800,24
4801,12
4802,133
4803,84
4804,56
4805,72
4806,113
4807,113
4808,130
4809,259
4810,438
4811,19
4812,129
4813,24
4814,43
4815,67
4816,463
4817,34
4818,143
4819,12
4820,305
4821,177
4822,97
4823,63
4824,24
4825,47
4826,34
4827,32
4828,28
4829,79
4830,59
4831,9
4832,36
4833,20
4834,81
4835,24
4836,89
4837,13
4838,35
4839,90
4840,45
4841,25
4842,303
4843,43
4844,26
4845,27
4846,31
4847,62
4848,82
4849,158
4850,86
4851,28
4852,282
4853,133
4854,169
4855,62
4856,545
4857,490
4858,5
4859,32
4860,147
4861,120
4862,153
4863,113
4864,189
4865,85
4866,229
4867,1165
4868,47
4869,29
4870,133
4871,155
4872,100
4873,445
4874,497
4875,149
4876,155
4877,307
4878,115
4879,119
4880,284
4881,142
4882,374
4883,231
4884,469
4885,189
4886,748
4887,255
4888,358
4889,73
4890,434
4891,545
4892,448
4893,134
4894,172
4895,511
4896,809
4897,304
4898,32
4899,16
4900,453
4901,204
4902,176
4903,148
4904,539
4905,51
4906,42
4907,286
4908,32
4909,5
4910,305
4911,119
4912,225
4913,45
4914,412
4915,127
4916,679
4917,20
4918,53
4919,73
4920,29
4921,321
4922,83
4923,895
4924,176
4925,396
4926,327
4927,43
4928,579
4929,114
4930,379
4931,82
4932,32
4933,187
4934,659
4935,307
4936,358
4937,123
4938,386
4939,77
4940,886
4941,187
4942,80
4943,72
4944,328
4945,126
4946,78
4947,326
4948,109
4949,106
4950,42
4951,81
4952,266
4953,390
4954,43
4955,283
4956,40
4957,160
4958,44
4959,88
4960,251
4961,452
4962,313
4963,26
4964,222
4965,127
4966,338
4967,513
4968,260
4969,61
4970,9
4971,55
4972,593
4973,12
4974,284
4975,356
4976,173
4977,26
4978,90
4979,1153
4980,155
4981,280
4982,203
4983,315
4984,438
4985,55
4986,18
4987,11
4988,14
4989,730
4990,16
4991,249
4992,15
4993,108
4994,141
4995,29
4996,615
4997,34
4998,94
4999,382
5000,483
5001,47
5002,90
5003,167
5004,10
5005,469
5006,563
5007,99
5008,114
5009,36
5010,572
5011,136
5012,131
5013,958
5014,122
5015,491
5016,235
5017,231
5018,300
5019,16
5020,56
5021,156
5022,196
5023,357
5024,30
5025,730
5026,503
5027,404
5028,215
5029,607
5030,976
5031,6
5032,173
5033,84
5034,1020
5035,656
5036,3
5037,31
5038,626
5039,868
5040,291
5041,64
5042,59
5043,3
5044,42
5045,193
5046,16
5047,737
5048,644
5049,439
5050,71
5051,264
5052,395
5053,42
5054,255
5055,1
5056,82
5057,423
5058,284
5059,629
5060,410
5061,410
5062,85
5063,359
5064,301
5065,67
5066,24
5067,280
5068,51
5069,4
5070,567
5071,21
5072,332
5073,1673
5074,63
5075,270
5076,507
5077,127
5078,373
5079,466
5080,117
5081,1291
5082,198
5083,209
5084,285
5085,470
5086,11
5087,346
5088,91
5089,482
5090,184
5091,253
5092,45
5093,809
5094,31
5095,33
5096,210
5097,21
5098,212
5099,511
5100,153
5101,26
5102,284
5103,405
5104,180
5105,298
5106,46
5107,816
5108,204
5109,193
5110,73
5111,59
5112,22
5113,49
5114,187
5115,619
5116,261
5117,618
5118,198
5119,253
5120,149
5121,112
5122,487
5123,9
5124,825
5125,213
5126,213
5127,243
5128,176
5129,346
5130,173
5131,649
5132,37
5133,290
5134,74
5135,179
5136,149
5137,61
5138,45
5139,582
5140,1
5141,65
5142,300
5143,1444
5144,567
5145,62
5146,444
5147,618
5148,410
5149,116
5150,726
5151,51
5152,534
5153,1
5154,214
5155,83
5156,354
5157,74
5158,749
5159,1007
5160,566
5161,138
5162,395
5163,67
5164,545
5165,27
5166,19
5167,47
5168,167
5169,300
5170,205
5171,1088
5172,337
5173,39
5174,104
5175,522
5176,537
5177,47
5178,96
5179,1212
5180,245
5181,457
5182,801
5183,85
5184,217
5185,309
5186,43
5187,911
5188,95
5189,540
5190,305
5191,243
5192,193
5193,119
5194,171
5195,102
5196,479
5197,331
5198,342
5199,404
5200,653
5201,358
5202,66
5203,8
5204,211
5205,491
5206,271
5207,983
5208,22
5209,463
5210,27
5211,287
5212,171
5213,241
5214,473
5215,63
5216,358
5217,745
5218,63
5219,209
5220,291
5221,66
5222,69
5223,905
5224,453
5225,17
5226,404
5227,396
5228,80
5229,37
5230,121
5231,119
5232,296
5233,476
5234,16
5235,110
5236,52
5237,120
5238,738
5239,94
5240,47
5241,131
5242,28
5243,487
5244,17
5245,214
5246,76
5247,9
5248,81
5249,66
5250,119
5251,1022
5252,93
5253,317
5254,715
5255,378
5256,221
5257,209
5258,71
5259,99
5260,125
5261,205
5262,93
5263,15
5264,382
5265,330
5266,336
5267,458
5268,317
5269,22
5270,128
5271,9
5272,379
5273,39
5274,56
5275,21
5276,187
5277,61
5278,16
5279,511
5280,64
5281,215
5282,150
5283,247
5284,423
5285,451
5286,196
5287,1222
5288,188
5289,242
5290,16
5291,905
5292,297
5293,183
5294,144
5295,343
5296,644
5297,208
5298,380
5299,375
5300,125
5301,157
5302,843
5303,97
5304,203
5305,114
5306,375
5307,186
5308,482
5309,7
5310,37
5311,40
5312,516
5313,105
5314,131
5315,226
5316,462
5317,173
5318,41
5319,502
5320,203
5321,389
5322,6
5323,49
5324,128
5325,84
5326,178
5327,211
5328,162
5329,534
5330,49
5331,47
5332,51
5333,1035
5334,255
5335,614
5336,537
5337,1211
5338,270
5339,9
5340,87
5341,57
5342,349
5343,29
5344,553
5345,88
5346,494
5347,48
5348,53
5349,190
5350,154
5351,320
5352,20
5353,349
5354,54
5355,241
5356,11
5357,6
5358,505
5359,157
5360,49
5361,217
5362,235
5363,475
5364,215
5365,200
5366,144
5367,17
5368,175
5369,14
5370,238
5371,248
5372,164
5373,179
5374,35
5375,120
5376,367
5377,4
5378,17
5379,312
5380,236
5381,108
5382,659
5383,143
5384,569
5385,96
5386,247
5387,893
5388,106
5389,53
5390,222
5391,12
5392,55
5393,218
5394,185
5395,213
5396,490
5397,701
5398,283
5399,393
5400,109
5401,631
5402,111
5403,120
5404,6
5405,209
5406,55
5407,359
5408,237
5409,331
5410,105
5411,665
5412,477
5413,77
5414,60
5415,282
5416,334
5417,70
5418,33
5419,68
5420,60
5421,119
5422,36
5423,355
5424,122
5425,792
5426,462
5427,31
5428,176
5429,42
5430,308
5431,215
5432,64
5433,29
5434,33
5435,21
5436,161
5437,444
5438,179
5439,468
5440,30
5441,450
5442,101
5443,165
5444,80
5445,231
5446,29
5447,36
5448,24
5449,136
5450,1309
5451,316
5452,224
5453,78
5454,245
5455,125
5456,164
5457,795
5458,554
5459,16
5460,553
5461,39
5462,648
5463,153
5464,803
5465,219
5466,60
5467,226
5468,284
5469,137
5470,400
5471,29
5472,362
5473,262
5474,389
5475,32
5476,94
5477,291
5478,186
5479,398
5480,140
5481,184
5482,426
5483,749
5484,312
5485,27
5486,70
5487,143
5488,111
5489,142
5490,296
5491,526
5492,319
5493,133
5494,90
5495,7
5496,148
5497,360
5498,133
5499,811
5500,102
5501,435
5502,94
5503,242
5504,9
5505,461
5506,18
5507,178
5508,16
5509,198
5510,27
5511,415
5512,295
5513,541
5514,463
5515,771
5516,75
5517,281
5518,420
5519,454
5520,56
5521,78
5522,243
5523,77
5524,170
5525,98
5526,7
5527,188
5528,168
5529,93
5530,31
5531,231
5532,399
5533,123
5534,213
5535,66
5536,154
5537,338
5538,177
5539,172
5540,561
5541,647
5542,385
5543,5
5544,49
5545,10
5546,186
5547,170
5548,253
5549,62
5550,431
5551,687
5552,6
5553,216
5554,172
5555,595
5556,142
5557,860
5558,384
5559,112
5560,12
5561,396
5562,485
5563,66
5564,444
5565,149
5566,438
5567,16
5568,189
5569,70
5570,139
5571,101
5572,341
5573,250
5574,113
5575,103
5576,349
5577,470
5578,1264
5579,4
5580,547
5581,51
5582,244
5583,320
5584,307
5585,73
5586,63
5587,242
5588,40
5589,441
5590,1017
5591,251
5592,206
5593,265
5594,289
5595,265
5596,65
5597,72
5598,139
5599,233
5600,1060
5601,699
5602,277
5603,149
5604,426
5605,232
5606,218
5607,274
5608,218
5609,78
5610,273
5611,267
5612,754
5613,46
5614,257
5615,110
5616,893
5617,553
5618,440
5619,389
5620,294
5621,218
5622,195
5623,333
5624,395
5625,184
5626,135
5627,2
5628,1048
5629,447
5630,71
5631,328
5632,201
5633,1
5634,241
5635,397
5636,430
5637,110
5638,178
5639,68
5640,86
5641,1145
5642,318
5643,178
5644,278
5645,362
5646,62
5647,19
5648,341
5649,112
5650,69
5651,548
5652,13
5653,42
5654,94
5655,568
5656,434
5657,141
5658,371
5659,301
5660,26
5661,37
5662,29
5663,59
5664,71
5665,59
5666,85
5667,211
5668,25
5669,386
5670,263
5671,585
5672,9
5673,18
5674,136
5675,247
5676,166
5677,166
5678,20
5679,432
5680,7
5681,127
5682,460
5683,68
5684,119
5685,276
5686,206
5687,43
5688,265
5689,255
5690,93
5691,210
5692,467
5693,413
5694,137
5695,5
5696,65
5697,116
5698,115
5699,97
5700,298
5701,713
5702,883
5703,62
5704,27
5705,68
5706,163
5707,398
5708,113
5709,66
5710,36
5711,129
5712,29
5713,31
5714,438
5715,84
5716,148
5717,95
5718,80
5719,38
5720,121
5721,115
5722,501
5723,101
5724,156
5725,113
5726,66
5727,651
5728,323
5729,52
5730,45
5731,173
5732,155
5733,105
5734,298
5735,198
5736,19
5737,608
5738,53
5739,524
5740,269
5741,126
5742,197
5743,740
5744,201
5745,60
5746,251
5747,17
5748,195
5749,73
5750,243
5751,118
5752,57
5753,428
5754,200
5755,449
5756,19
5757,53
5758,1149
5759,161
5760,436
5761,61
5762,341
5763,81
5764,785
5765,907
5766,221
5767,238
5768,113
5769,31
5770,361
5771,455
5772,66
5773,667
5774,325
5775,166
5776,71
5777,69
5778,32
5779,235
5780,245
5781,875
5782,27
5783,67
5784,39
5785,131
5786,161
5787,178
5788,172
5789,199
5790,81
5791,478
5792,443
5793,186
5794,60
5795,218
5796,1
5797,609
5798,96
5799,127
5800,741
5801,369
5802,34
5803,101
5804,733
5805,631
5806,735
5807,113
5808,22
5809,190
5810,345
5811,87
5812,47
5813,833
5814,228
5815,16
5816,321
5817,385
5818,170
5819,284
5820,350
5821,33
5822,381
5823,259
5824,914
5825,1081
5826,483
5827,8
5828,261
5829,718
5830,520
5831,111
5832,383
5833,92
5834,27
5835,38
5836,372
5837,859
5838,289
5839,349
5840,51
5841,279
5842,26
5843,851
5844,49
5845,33
5846,58
5847,144
5848,359
5849,71
5850,65
5851,85
5852,53
5853,598
5854,248
5855,129
5856,364
5857,207
5858,102
5859,147
5860,257
5861,193
5862,511
5863,218
5864,396
5865,256
5866,209
5867,278
5868,78
5869,135
5870,92
5871,193
5872,385
5873,51
5874,499
5875,481
5876,31
5877,106
5878,1225
5879,44
5880,236
5881,2
5882,426
5883,223
5884,83
5885,394
5886,17
5887,256
5888,71
5889,39
5890,384
5891,239
5892,185
5893,246
5894,154
5895,548
5896,179
5897,53
5898,367
5899,337
5900,218
5901,35
5902,7
5903,332
5904,94
5905,649
5906,391
5907,1011
5908,167
5909,37
5910,450
5911,768
5912,853
5913,1027
5914,193
5915,426
5916,61
5917,78
5918,623
5919,60
5920,242
5921,534
5922,33
5923,956
5924,167
5925,887
5926,5
5927,227
5928,256
5929,246
5930,580
5931,139
5932,270
5933,200
5934,485
5935,415
5936,254
5937,409
5938,298
5939,393
5940,143
5941,997
5942,577
5943,631
5944,295
5945,25
5946,848
5947,115
5948,345
5949,637
5950,162
5951,722
5952,98
5953,541
5954,483
5955,73
5956,218
5957,220
5958,444
5959,111
5960,237
5961,139
5962,240
5963,16
5964,159
5965,17
5966,211
5967,44
5968,35
5969,284
5970,356
5971,66
5972,513
5973,285
5974,52
5975,1034
5976,686
5977,311
5978,49
5979,12
5980,657
5981,52
5982,113
5983,119
5984,11
5985,236
5986,105
5987,81
5988,29
5989,249
5990,163
5991,709
5992,307
5993,562
5994,18
5995,115
5996,42
5997,100
5998,153
5999,31
6000,196
6001,714
6002,141
6003,127
6004,127
6005,97
6006,88
6007,349
6008,204
6009,306
6010,414
6011,73
6012,16
6013,174
6014,538
6015,73
6016,164
6017,1493
6018,590
6019,231
6020,166
6021,499
6022,329
6023,449
6024,307
6025,540
6026,204
6027,333
6028,15
6029,73
6030,465
6031,1751
6032,63
6033,236
6034,507
6035,220
6036,306
6037,206
6038,1082
6039,445
6040,98
6041,290
6042,97
6043,220
6044,49
6045,21
6046,76
6047,51
6048,141
6049,112
6050,140
6051,167
6052,141
6053,341
6054,703
6055,715
6056,424
6057,615
6058,116
6059,81
6060,28
6061,81
6062,17
6063,226
6064,401
6065,359
6066,22
6067,452
6068,24
6069,353
6070,102
6071,352
6072,246
6073,19
6074,100
6075,553
6076,295
6077,44
6078,551
6079,459
6080,639
6081,119
6082,109
6083,40
6084,1012
6085,378
6086,249
6087,943
6088,120
6089,43
6090,214
6091,133
6092,219
6093,69
6094,110
6095,100
6096,41
6097,82
6098,1324
6099,98
6100,323
6101,168
6102,134
6103,261
6104,222
6105,81
6106,195
6107,139
6108,206
6109,484
6110,425
6111,46
6112,360
6113,220
6114,225
6115,465
6116,725
6117,585
6118,350
6119,1222
6120,77
6121,243
6122,764
6123,263
6124,104
6125,211
6126,127
6127,905
6128,648
6129,77
6130,443
6131,18
6132,206
6133,91
6134,90
6135,629
6136,714
6137,395
6138,470
6139,42
6140,745
6141,293
6142,51
6143,120
6144,1328
6145,97
6146,117
6147,494
6148,214
6149,268
6150,23
6151,209
6152,183
6153,139
6154,111
6155,1219
6156,357
6157,165
6158,55
6159,37
6160,133
6161,25
6162,743
6163,39
6164,333
6165,198
6166,148
6167,405
6168,9
6169,371
6170,26
6171,142
6172,649
6173,44
6174,371
6175,16
6176,21
6177,57
6178,170
6179,869
6180,132
6181,151
6182,53
6183,606
6184,31
6185,1
6186,834
6187,75
6188,62
6189,451
6190,501
6191,111
6192,75
6193,549
6194,523
6195,139
6196,615
6197,63
6198,976
6199,510
6200,78
6201,52
6202,363
6203,255
6204,87
6205,31
6206,30
6207,533
6208,45
6209,475
6210,612
6211,51
6212,969
6213,204
6214,481
6215,285
6216,207
6217,1533
6218,1554
6219,126
6220,553
6221,584
6222,75
6223,40
6224,30
6225,329
6226,487
6227,197
6228,225
6229,333
6230,85
6231,496
6232,328
6233,309
6234,26
6235,369
6236,553
6237,338
6238,53
6239,22
6240,22
6241,117
6242,125
6243,110
6244,293
6245,190
6246,125
6247,253
6248,104
6249,366
6250,7
6251,11
6252,544
6253,1689
6254,158
6255,24
6256,419
6257,35
6258,29
6259,934
6260,488
6261,68
6262,214
6263,419
6264,120
6265,134
6266,87
6267,265
6268,787
6269,350
6270,383
6271,549
6272,542
6273,286
6274,188
6275,669
6276,108
6277,104
6278,125
6279,585
6280,83
6281,111
6282,95
6283,943
6284,482
6285,218
6286,308
6287,7
6288,80
6289,475
6290,1157
6291,123
6292,865
6293,947
6294,57
6295,157
6296,19
6297,199
6298,93
6299,1810
6300,554
6301,127
6302,45
6303,706
6304,925
6305,220
6306,410
6307,577
6308,178
6309,674
6310,1125
6311,14
6312,151
6313,29
6314,989
6315,275
6316,295
6317,527
6318,157
6319,348
6320,247
6321,651
6322,239
6323,188
6324,173
6325,382
6326,999
6327,272
6328,165
6329,398
6330,331
6331,538
6332,165
6333,429
6334,212
6335,375
6336,311
6337,15
6338,388
6339,80
6340,426
6341,28
6342,103
6343,339
6344,191
6345,129
6346,119
6347,332
6348,400
6349,37
6350,27
6351,233
6352,527
6353,280
6354,34
6355,424
6356,5
6357,182
6358,295
6359,137
6360,37
6361,11
6362,471
6363,358
6364,119
6365,409
6366,507
6367,128
6368,89
6369,33
6370,38
6371,123
6372,207
6373,171
6374,155
6375,107
6376,175
6377,54
6378,117
6379,155
6380,239
6381,633
6382,258
6383,103
6384,455
6385,199
6386,540
6387,1098
6388,556
6389,970
6390,52
6391,519
6392,77
6393,103
6394,292
6395,111
6396,124
6397,240
6398,133
6399,159
6400,31
6401,170
6402,653
6403,61
6404,205
6405,692
6406,53
6407,13
6408,547
6409,316
6410,395
6411,737
6412,179
6413,887
6414,133
6415,96
6416,85
6417,111
6418,67
6419,330
6420,112
6421,277
6422,94
6423,359
6424,341
6425,87
6426,379
6427,28
6428,130
6429,261
6430,26
6431,20
6432,29
6433,218
6434,117
6435,425
6436,528
6437,1330
6438,181
6439,989
6440,172
6441,30
6442,61
6443,361
6444,221
6445,602
6446,182
6447,73
6448,58
6449,176
6450,274
6451,1
6452,131
6453,282
6454,18
6455,529
6456,353
6457,614
6458,245
6459,150
6460,469
6461,144
6462,60
6463,795
6464,43
6465,264
6466,394
6467,845
6468,629
6469,486
6470,159
6471,320
6472,464
6473,57
6474,73
6475,60
6476,302
6477,687
6478,75
6479,52
6480,78
6481,989
6482,1160
6483,214
6484,272
6485,105
6486,312
6487,210
6488,146
6489,51
6490,5
6491,657
6492,565
6493,7
6494,1169
6495,366
6496,161
6497,255
6498,249
6499,427
6500,30
6501,347
6502,238
6503,193
6504,65
6505,339
6506,85
6507,416
6508,193
6509,58
6510,632
6511,973
6512,106
6513,25
6514,287
6515,595
6516,119
6517,440
6518,151
6519,3
6520,714
6521,160
6522,192
6523,43
6524,509
6525,467
6526,63
6527,971
6528,482
6529,126
6530,93
6531,55
6532,614
6533,15
6534,116
6535,8
6536,67
6537,27
6538,210
6539,59
6540,119
6541,649
6542,1061
6543,31
6544,704
6545,27
6546,33
6547,13
6548,39
6549,311
6550,25
6551,273
6552,295
6553,371
6554,271
6555,148
6556,451
6557,23
6558,369
6559,242
6560,81
6561,212
6562,318
6563,136
6564,170
6565,787
6566,451
6567,149
6568,43
6569,1635
6570,156
6571,17
6572,16
6573,23
6574,974
6575,135
6576,390
6577,77
6578,115
6579,1201
6580,262
6581,549
6582,353
6583,705
6584,148
6585,105
6586,193
6587,889
6588,78
6589,107
6590,148
6591,120
6592,51
6593,268
6594,45
6595,324
6596,137
6597,68
6598,95
6599,356
6600,346
6601,85
6602,41
6603,52
6604,325
6605,75
6606,198
6607,846
6608,188
6609,127
6610,115
6611,733
6612,81
6613,303
6614,253
6615,13
6616,22
6617,154
6618,68
6619,82
6620,499
6621,172
6622,235
6623,1224
6624,56
6625,237
6626,186
6627,35
6628,123
6629,587
6630,511
6631,1093
6632,13
6633,79
6634,179
6635,6
6636,148
6637,55
6638,5
6639,276
6640,327
6641,41
6642,31
6643,209
6644,137
6645,710
6646,378
6647,390
6648,29
6649,1
6650,268
6651,6
6652,281
6653,13
6654,495
6655,207
6656,54
6657,972
6658,71
6659,384
6660,299
6661,257
6662,357
6663,215
6664,397
6665,99
6666,42
6667,379
6668,184
6669,15
6670,261
6671,1198
6672,870
6673,100
6674,95
6675,117
6676,183
6677,359
6678,476
6679,435
6680,65
6681,612
6682,360
6683,185
6684,65
6685,260
6686,444
6687,373
6688,709
6689,885
6690,210
6691,123
6692,151
6693,76
6694,200
6695,415
6696,28
6697,75
6698,371
6699,393
6700,519
6701,30
6702,327
6703,1153
6704,219
6705,106
6706,16
6707,409
6708,132
6709,59
6710,303
6711,85
6712,88
6713,290
6714,396
6715,132
6716,236
6717,307
6718,295
6719,276
6720,54
6721,350
6722,601
6723,111
6724,498
6725,69
6726,45
6727,9
6728,592
6729,585
6730,19
6731,75
6732,595
6733,5
6734,293
6735,301
6736,765
6737,149
6738,55
6739,10
6740,743
6741,15
6742,363
6743,12
6744,6
6745,121
6746,86
6747,335
6748,233
6749,1047
6750,81
6751,90
6752,605
6753,11
6754,397
6755,9
6756,34
6757,659
6758,134
6759,170
6760,82
6761,167
6762,298
6763,218
6764,13
6765,110
6766,393
6767,1010
6768,244
6769,44
6770,119
6771,287
6772,505
6773,1020
6774,5
6775,13
6776,173
6777,91
6778,298
6779,15
6780,578
6781,183
6782,15
6783,649
6784,105
6785,398
6786,37
6787,53
6788,71
6789,71
6790,10
6791,570
6792,105
6793,349
6794,48
6795,1080
6796,77
6797,146
6798,267
6799,398
6800,681
6801,61
6802,514
6803,354
6804,40
6805,80
6806,69
6807,309
6808,5
6809,299
6810,50
6811,153
6812,1100
6813,268
6814,11
6815,383
6816,107
6817,83
6818,805
6819,296
6820,321
6821,266
6822,285
6823,210
6824,611
6825,159
6826,115
6827,174
6828,455
6829,27
6830,366
6831,381
6832,26
6833,495
6834,335
6835,12
6836,241
6837,210
6838,186
6839,185
6840,200
6841,216
6842,135
6843,64
6844,30
6845,3
6846,177
6847,12
6848,33
6849,349
6850,277
6851,600
6852,56
6853,53
6854,69
6855,1139
6856,202
6857,112
6858,736
6859,232
6860,325
6861,925
6862,308
6863,142
6864,694
6865,23
6866,318
6867,442
6868,183
6869,204
6870,163
6871,542
6872,405
